{"frilled_shark":{"width":19,"height":13,"show":true},"giant_squid":{"width":20,"height":10,"show":true},"cachalot_whale":{"width":18,"height":15,"show":true},"flutter":{"width":16,"height":16,"show":true},"cockroach":{"width":20,"height":7,"show":true},"fly":{"width":16,"height":16,"show":true},"centipede_head":{"width":12,"height":7,"show":true},"centipede_body":{"width":20,"height":8,"show":true},"blobfish":{"width":20,"height":11,"show":true},"lobster":{"width":20,"height":11,"show":true},"seagull":{"width":11,"height":20,"show":true},"emu":{"width":8,"height":20,"show":true},"anaconda":{"width":18,"height":16,"show":true},"terrapin":{"width":18,"height":11,"show":true},"kangaroo":{"width":10,"height":20,"show":true},"roadrunner":{"width":12,"height":20,"show":true},"rattlesnake":{"width":20,"height":9,"show":true},"gorilla":{"width":16,"height":20,"show":true},"raccoon":{"width":16,"height":17,"show":true},"hummingbird":{"width":14,"height":20,"show":true},"grizzly_bear":{"width":13,"height":20,"show":true},"platypus":{"width":20,"height":10,"show":true},"capuchin_monkey":{"width":11,"height":20,"show":true},"crow":{"width":11,"height":20,"show":true},"leafcutter_ant":{"width":19,"height":12,"show":true},"toucan":{"width":12,"height":20,"show":true},"tiger":{"width":13,"height":20,"show":true},"rocky_roller":{"width":16,"height":20,"show":true},"anteater":{"width":16,"height":18,"show":true},"tasmanian_devil":{"width":13,"height":20,"show":true},"bison":{"width":12,"height":20,"show":true},"seal":{"width":20,"height":9,"show":true}}